Date;MICROSOFT;SANDP;CPI;INDPPI;M1SUPPLY;CCREDIT;BMINUSA;USTB3M;USTB10Y
1986-03-01;0.095486;238.899994;108.8;56.5414;624.3;606.799;1.5;6.76;7.78
1986-04-01;0.111979;235.520004;108.6;56.5654;647;614.3669;1.4;6.24;7.3
1986-05-01;0.121528;247.350006;108.9;56.685;645.7;621.9152;1.2;6.33;7.71
1986-06-01;0.106771;250.839996;109.5;56.4959;662.8;627.891;1.21;6.4;7.8
1986-07-01;0.098958;236.119995;109.5;56.8096;673.4;633.6083;1.28;6;7.3
1986-08-01;0.098958;252.929993;109.7;56.7348;678.4;640.5126;1.46;5.69;7.17
1986-09-01;0.09809;231.320007;110.2;56.8483;684.5;649.888;1.31;5.35;7.45
1986-10-01;0.134549;243.979996;110.3;57.1179;692.2;656.736;1.38;5.32;7.43
1986-11-01;0.172743;249.220001;110.4;57.3826;708.8;656.898;1.39;5.5;7.25
1986-12-01;0.167535;242.169998;110.5;57.8627;739.8;666.355;1.48;5.68;7.11
1987-01-01;0.253906;274.079987;111.2;57.6873;737.1;655.3281;1.36;5.58;7.08
1987-02-01;0.266493;284.200012;111.6;58.4361;717.1;648.0779;1.27;5.75;7.25
1987-03-01;0.335938;291.700012;112.1;58.5202;723.1;644.317;1.25;5.77;7.25
1987-04-01;0.361111;288.359985;112.7;58.8852;752;651.1136;1.19;5.82;8.02
1987-05-01;0.400174;290.100006;113.1;59.2656;739.3;654.3924;1.18;5.85;8.61
1987-06-01;0.354167;304;113.5;59.5423;743.8;660.313;1.2;5.85;8.4
1987-07-01;0.326389;318.660004;113.8;59.956;746.2;665.7082;1.19;5.88;8.45
1987-08-01;0.412326;329.799988;114.4;60.4517;744.2;673.7394;1.13;6.23;8.76
1987-09-01;0.460069;321.829987;115;60.6087;744.5;679.637;1.13;6.62;9.42
1987-10-01;0.345486;251.789993;115.3;61.4886;753.2;683.7101;1.1;6.35;9.52
1987-11-01;0.310764;230.300003;115.4;61.8151;755.5;687.8179;1.22;5.89;8.86
1987-12-01;0.376736;247.080002;115.4;62.1113;765.4;698.64;1.18;5.96;8.99
1988-01-01;0.387153;257.070007;115.7;62.1393;764.2;695.2348;1.19;6;8.67
1988-02-01;0.412326;267.820007;116;62.41;744.5;692.5103;1.22;5.84;8.21
1988-03-01;0.392361;258.890015;116.5;62.5464;751.6;693.732;1.18;5.87;8.37
1988-04-01;0.378472;261.329987;117.1;62.8992;777.9;700.6261;1.23;6.08;8.72
1988-05-01;0.402778;262.160004;117.5;62.8182;763.4;705.428;1.14;6.45;9.09
1988-06-01;0.465278;273.5;118;62.9776;778.5;710.128;1.14;6.66;8.92
1988-07-01;0.413194;272.019989;118.5;63.004;785.5;713.7065;1.15;6.95;9.06
1988-08-01;0.347222;261.519989;119;63.2781;781;722.932;1.1;7.3;9.26
1988-09-01;0.362847;271.910004;119.8;63.108;779.7;725.838;1.08;7.48;8.98
1988-10-01;0.340278;278.970001;120.2;63.4145;780.8;728.1347;0.9;7.6;8.8
1988-11-01;0.328125;273.700012;120.3;63.5171;786.9;732.6653;1.03;8.03;8.96
1988-12-01;0.369792;277.720001;120.5;63.8207;803.1;745.2064;1.08;8.35;9.11
1989-01-01;0.414063;297.470001;121.1;64.0114;792.1;753.0092;1.03;8.56;9.09
1989-02-01;0.413194;288.859985;121.6;63.7241;771.6;749.7018;0.969999999999999;8.84;9.17
1989-03-01;0.346354;294.869995;122.3;63.8694;774.6;753.193;0.869999999999999;9.14;9.36
1989-04-01;0.388021;309.640015;123.1;63.9217;790.2;759.2769;0.82;8.96;9.18
1989-05-01;0.420139;320.519989;123.8;63.4806;766.1;764.0841;0.890000000000001;8.74;8.86
1989-06-01;0.368056;317.980011;124.1;63.5122;772.8;769.617;0.93;8.43;8.28
1989-07-01;0.380208;346.079987;124.4;62.9479;780.7;773.1958;0.94;8.15;8.02
1989-08-01;0.407986;351.450012;124.6;63.5199;776.5;780.1905;0.92;8.17;8.11
1989-09-01;0.475694;349.149994;125;63.2966;777.7;784.207;0.9;8.01;8.19
1989-10-01;0.567708;340.359985;125.6;63.2481;783.2;787.047;0.890000000000001;7.9;8.01
1989-11-01;0.604167;345.98999;125.9;63.4576;790.2;793.166;0.92;7.94;7.87
1989-12-01;0.604167;353.399994;126.1;63.8477;810.6;809.285;0.960000000000001;7.88;7.84
1990-01-01;0.642361;329.079987;127.4;63.4171;800.7;802.8418;0.949999999999999;7.9;8.21
1990-02-01;0.685764;331.890015;128;64.0517;786.7;796.3452;0.92;8;8.47
1990-03-01;0.769097;339.940002;128.7;64.3607;794.5;792.32;0.840000000000002;8.17;8.59
1990-04-01;0.805556;330.799988;128.9;64.2562;816.2;793.2944;0.84;8.04;8.79
1990-05-01;1.013889;361.230011;129.2;64.3971;795.5;794.0216;0.94;8.01;8.76
1990-06-01;1.055556;358.019989;129.9;64.6064;809;798.712;0.960000000000001;7.99;8.48
1990-07-01;0.923611;356.149994;130.4;64.5289;811;803.0271;0.959999999999999;7.87;8.47
1990-08-01;0.854167;322.559998;131.6;64.7258;812.7;809.5302;1;7.69;8.75
1990-09-01;0.875;306.049988;132.7;64.8148;817.1;812.302;1.08;7.6;8.89
1990-10-01;0.885417;304;133.5;64.3264;816.1;813.6063;1.21;7.4;8.72
1990-11-01;1.003472;322.220001;133.8;63.5713;824.6;816.4407;1.32;7.29;8.39
1990-12-01;1.045139;330.220001;133.8;63.1589;842.7;824.391;1.38;6.95;8.08
1991-01-01;1.362847;343.929993;134.6;62.8801;831.7;812.7425;1.41;6.41;8.09
1991-02-01;1.440972;367.070007;134.8;62.452;822.1;805.2045;1.24;6.12;7.85
1991-03-01;1.473958;375.220001;135;62.12;833.7;802.207;1.16;6.09;8.11
1991-04-01;1.375;375.339996;135.2;62.25;851.9;802.1835;1.08;5.83;8.04
1991-05-01;1.524306;389.829987;135.6;62.8714;840.3;801.6365;1;5.63;8.07
1991-06-01;1.419271;371.160004;136;63.4441;856.7;801.306;0.950000000000001;5.75;8.28
1991-07-01;1.53125;387.809998;136.2;63.5106;860.9;799.4292;0.890000000000001;5.75;8.27
1991-08-01;1.776042;395.429993;136.6;63.5623;863.2;802.1214;0.9;5.5;7.9
1991-09-01;1.854167;387.859985;137.2;64.1234;865.4;802.5;0.9;5.37;7.65
1991-10-01;1.955729;392.450012;137.4;64.0179;874;799.4509;0.94;5.14;7.53
1991-11-01;2.026042;375.220001;137.8;63.9427;892.3;801.1461;0.969999999999999;4.69;7.42
1991-12-01;2.317708;417.089996;137.9;63.6923;915.6;815.581;0.949999999999999;4.18;7.09
1992-01-01;2.505208;408.779999;138.1;63.3372;916.4;805.8402;0.930000000000001;3.91;7.03
1992-02-01;2.572917;412.700012;138.6;63.7864;915.1;797.7738;0.940000000000001;3.95;7.34
1992-03-01;2.46875;403.690002;139.3;64.3199;929.6;793.353;0.9;4.14;7.54
1992-04-01;2.296875;414.950012;139.5;64.8069;953.7;791.9192;0.880000000000001;3.84;7.48
1992-05-01;2.520833;415.350006;139.7;65.0202;942.9;791.2328;0.850000000000001;3.72;7.39
1992-06-01;2.1875;408.140015;140.2;65.0309;951;792.332;0.83;3.75;7.26
1992-07-01;2.273438;424.209991;140.5;65.6155;962;792.948;0.77;3.28;6.84
1992-08-01;2.328125;414.029999;140.9;65.2948;970.1;799.384;0.7;3.2;6.59
1992-09-01;2.515625;417.799988;141.3;65.4461;982.7;801.933;0.699999999999999;2.97;6.42
1992-10-01;2.773438;418.679993;141.8;65.9387;1000.8;800.7701;0.85;2.93;6.59
1992-11-01;2.910156;431.350006;142;66.2219;1021.4;805.8319;0.860000000000001;3.21;6.87
1992-12-01;2.667969;435.709991;141.9;66.2778;1045.6;824.769;0.83;3.29;6.77
1993-01-01;2.703125;438.779999;142.6;66.565;1039.8;816.4134;0.76;3.07;6.6
1993-02-01;2.605469;443.380005;143.1;66.8562;1021.9;811.7026;0.680000000000001;2.99;6.26
1993-03-01;2.890625;451.670013;143.6;66.7661;1030.5;807.262;0.57;3.01;5.98
1993-04-01;2.671875;440.190002;144;66.9976;1057.4;813.5618;0.680000000000001;2.93;5.97
1993-05-01;2.894531;450.190002;144.2;66.7645;1056.8;812.9222;0.780000000000001;3.03;6.04
1993-06-01;2.75;450.529999;144.4;66.8782;1071.8;818.662;0.74;3.14;5.96
1993-07-01;2.3125;448.130005;144.4;67.0843;1083.1;823.9829;0.76;3.11;5.81
1993-08-01;2.347656;463.559998;144.8;67.0144;1088.1;833.7119;0.75;3.09;5.68
1993-09-01;2.578125;458.929993;145.1;67.3337;1098.8;842.668;0.68;3.01;5.36
1993-10-01;2.503906;467.829987;145.7;67.8513;1111.6;849.4021;0.64;3.09;5.33
1993-11-01;2.5;461.790009;145.8;68.1384;1129;860.1599;0.73;3.18;5.72
1993-12-01;2.519531;466.450012;145.8;68.5029;1153.3;886.169;0.760000000000001;3.13;5.77
1994-01-01;2.660156;481.609985;146.2;68.7602;1141.7;879.4282;0.73;3.04;5.75
1994-02-01;2.578125;467.140015;146.7;68.7808;1123.8;877.1428;0.68;3.33;5.97
1994-03-01;2.648438;445.769989;147.2;69.4762;1131.1;883.876;0.65;3.59;6.48
1994-04-01;2.890625;450.910004;147.4;69.8715;1152.2;894.0188;0.64;3.78;6.97
1994-05-01;3.359375;456.5;147.5;70.2259;1132;905.1823;0.629999999999999;4.27;7.18
1994-06-01;3.226563;444.269989;148;70.6759;1141.8;918.58;0.680000000000001;4.25;7.1
1994-07-01;3.21875;458.26001;148.4;70.7851;1150.9;925.103;0.690000000000001;4.46;7.3
1994-08-01;3.632813;475.48999;149;71.2069;1144.1;944.403;0.67;4.61;7.24
1994-09-01;3.507813;462.709991;149.4;71.4768;1146.4;959.953;0.640000000000001;4.75;7.46
1994-10-01;3.9375;472.350006;149.5;72.0827;1147.9;971.0172;0.629999999999999;5.1;7.74
1994-11-01;3.929688;453.690002;149.7;72.5328;1156.2;985.8527;0.640000000000001;5.45;7.96
1994-12-01;3.820313;459.269989;149.7;73.2862;1174.5;1021.1685;0.639999999999999;5.76;7.81
1995-01-01;3.710938;470.420013;150.3;73.4173;1159.5;1018.3564;0.619999999999999;5.9;7.78
1995-02-01;3.9375;487.390015;150.9;73.3112;1135.3;1014.0936;0.59;5.94;7.47
1995-03-01;4.445313;500.709991;151.4;73.4086;1139.3;1024.546;0.58;5.91;7.2
1995-04-01;5.109375;514.710022;151.9;73.3603;1160.3;1035.3534;0.57;5.84;7.06
1995-05-01;5.292969;533.400024;152.2;73.6079;1134;1048.3367;0.549999999999999;5.85;6.63
1995-06-01;5.648438;544.75;152.5;73.8595;1141;1063.1263;0.600000000000001;5.64;6.17
1995-07-01;5.65625;562.059998;152.5;73.5675;1145.7;1071.2957;0.629999999999999;5.59;6.28
1995-08-01;5.78125;561.880005;152.9;74.4969;1139.3;1089.5578;0.619999999999999;5.57;6.49
1995-09-01;5.65625;584.409973;153.2;74.7941;1138.4;1109.5987;0.609999999999999;5.43;6.2
1995-10-01;6.25;581.5;153.7;74.7015;1132.9;1116.8562;0.63;5.44;6.04
1995-11-01;5.445313;605.369995;153.6;74.8864;1138.6;1137.4881;0.66;5.52;5.93
1995-12-01;5.484375;615.929993;153.5;75.1739;1152.7;1168.1598;0.67;5.29;5.71
1996-01-01;5.78125;636.02002;154.4;74.6833;1130.2;1158.3448;0.66;5.15;5.65
1996-02-01;6.167969;640.429993;154.9;75.8433;1105.8;1156.8358;0.64;4.96;5.81
1996-03-01;6.445313;645.5;155.7;75.7631;1118;1162.2074;0.68;5.1;6.27
1996-04-01;7.078125;654.169983;156.3;76.4596;1131.8;1173.3516;0.69;5.09;6.51
1996-05-01;7.421875;669.119995;156.6;77.0169;1105.9;1183.0011;0.680000000000001;5.15;6.74
1996-06-01;7.507813;670.630005;156.7;77.6676;1115;1196.5792;0.69;5.23;6.91
1996-07-01;7.367188;639.950012;157;77.5653;1110.7;1208.2186;0.699999999999999;5.3;6.87
1996-08-01;7.65625;651.98999;157.3;78.0121;1097.7;1223.0886;0.72;5.19;6.64
1996-09-01;8.242188;687.330017;157.8;78.5488;1091.7;1229.8467;0.69;5.24;6.83
1996-10-01;8.578125;705.27002;158.3;78.506;1078.4;1235.111;0.680000000000001;5.12;6.53
1996-11-01;9.804688;757.02002;158.6;79.1955;1087.4;1246.9542;0.69;5.17;6.2
1996-12-01;10.328125;740.73999;158.6;79.7144;1105.8;1273.8779;0.69;5.04;6.3
1997-01-01;12.75;786.159973;159.1;79.8239;1087.9;1264.2104;0.67;5.17;6.58
1997-02-01;12.1875;790.820007;159.6;80.7816;1066.8;1256.6398;0.630000000000001;5.14;6.42
1997-03-01;11.460938;757.119995;160;81.3388;1069.2;1254.1755;0.63;5.28;6.69
1997-04-01;15.1875;801.340027;160.2;81.3611;1074.5;1265.1737;0.609999999999999;5.3;6.89
1997-05-01;15.5;848.280029;160.1;81.8326;1054.7;1270.5906;0.619999999999999;5.2;6.71
1997-06-01;15.796875;885.140015;160.3;82.2309;1064.8;1278.0376;0.609999999999999;5.07;6.49
1997-07-01;17.671875;954.309998;160.5;82.85;1065.8;1284.4728;0.61;5.19;6.22
1997-08-01;16.523438;899.469971;160.8;83.7172;1069.1;1297.5092;0.600000000000001;5.28;6.3
1997-09-01;16.539063;947.280029;161.2;84.4629;1059.5;1305.8049;0.55;5.08;6.21
1997-10-01;16.25;914.619995;161.6;85.1968;1057.6;1313.4074;0.57;5.11;6.03
1997-11-01;17.6875;955.400024;161.5;85.9458;1074.1;1317.6929;0.55;5.28;5.88
1997-12-01;16.15625;970.429993;161.3;86.2054;1097.5;1344.1648;0.56;5.3;5.81
1998-01-01;18.648438;980.280029;161.6;86.6558;1080.2;1329.3962;0.58;5.18;5.54
1998-02-01;21.1875;1049.339966;161.9;86.7556;1066.2;1321.533;0.58;5.23;5.57
1998-03-01;22.375;1101.75;162.2;86.8196;1075.9;1324.0426;0.600000000000001;5.16;5.65
1998-04-01;22.53125;1111.75;162.5;87.1345;1087.7;1351.0527;0.64;5.08;5.64
1998-05-01;21.203125;1090.819946;162.8;87.6936;1070.8;1353.3149;0.609999999999999;5.14;5.65
1998-06-01;27.09375;1133.839966;163;87.1421;1075.2;1367.744;0.6;5.12;5.5
1998-07-01;27.484375;1120.670044;163.2;86.8414;1074.2;1374.0418;0.600000000000001;5.09;5.46
1998-08-01;23.984375;957.280029;163.4;88.6266;1069.3;1388.9636;0.62;5.04;5.34
1998-09-01;27.515625;1017.01001;163.6;88.4562;1070.6;1400.7175;0.69;4.74;4.81
1998-10-01;26.46875;1098.670044;164;89.1686;1077.4;1408.541;0.81;4.07;4.53
1998-11-01;30.5;1163.630005;164;89.1127;1098;1414.6442;0.93;4.53;4.83
1998-12-01;34.671875;1229.22998;163.9;89.4388;1121.2;1441.2716;1.01;4.5;4.65
1999-01-01;43.75;1279.640015;164.3;89.8617;1103.9;1441.9286;1.05;4.45;4.72
1999-02-01;37.53125;1238.329956;164.5;90.3253;1085.2;1440.1554;0.989999999999999;4.56;5
1999-03-01;44.8125;1286.369995;165;90.4709;1097.5;1442.3982;0.91;4.57;5.23
1999-04-01;40.65625;1335.180054;166.2;90.7285;1113.6;1448.81;0.840000000000001;4.41;5.18
1999-05-01;40.34375;1301.839966;166.2;91.3499;1096.4;1459.9391;0.79;4.63;5.54
1999-06-01;45.09375;1372.709961;166.2;91.199;1098.2;1471.5809;0.789999999999999;4.72;5.9
1999-07-01;42.90625;1328.719971;166.7;91.7767;1097.2;1483.7777;0.76;4.69;5.79
1999-08-01;46.28125;1320.410034;167.1;92.1675;1092.8;1504.1114;0.75;4.87;5.94
1999-09-01;45.28125;1282.709961;167.9;91.7812;1086.2;1511.8946;0.81;4.82;5.92
1999-10-01;46.28125;1362.930054;168.2;92.9976;1095.1;1519.3952;0.830000000000001;5.02;6.11
1999-11-01;45.523399;1388.910034;168.3;93.444;1113;1531.9609;0.79;5.23;6.03
1999-12-01;58.375;1469.25;168.3;94.1555;1148.2;1553.622;0.64;5.36;6.28
2000-01-01;48.9375;1394.459961;168.8;94.1717;1126.9;1551.8758;0.55;5.5;6.66
2000-02-01;44.6875;1366.420044;169.8;94.4329;1097.4;1549.3285;0.609999999999999;5.73;6.52
2000-03-01;53.125;1498.579956;171.2;94.7926;1108.9;1553.765;0.69;5.86;6.26
2000-04-01;34.875;1452.430054;171.3;95.4898;1125.7;1564.2065;0.760000000000001;5.82;5.99
2000-05-01;31.28125;1420.599976;171.5;95.6421;1100.4;1576.8;0.91;5.99;6.44
2000-06-01;40;1454.599976;172.4;95.7364;1101.8;1601.7713;0.81;5.86;6.1
2000-07-01;34.90625;1430.829956;172.8;95.5982;1102.8;1619.5092;0.699999999999999;6.14;6.05
2000-08-01;34.90625;1517.680054;172.8;95.3172;1094.5;1649.8667;0.71;6.28;5.83
2000-09-01;30.15625;1436.51001;173.7;95.6844;1088.8;1667.073;0.73;6.18;5.8
2000-10-01;34.4375;1429.400024;174;95.3974;1092.2;1685.7886;0.79;6.29;5.74
2000-11-01;28.6875;1314.949951;174.1;95.4158;1092.1;1705.9647;0.829999999999999;6.36;5.72
2000-12-01;21.6875;1320.280029;174;95.1619;1111.7;1741.2669;0.81;5.94;5.24
2001-01-01;30.53125;1366.01001;175.1;94.5502;1100.4;1744.1743;0.779999999999999;5.29;5.16
2001-02-01;29.5;1239.939941;175.8;93.9755;1089.8;1746.9784;0.77;5.01;5.1
2001-03-01;27.34375;1160.329956;176.2;93.7253;1111.2;1749.7244;0.859999999999999;4.54;4.89
2001-04-01;33.875;1249.459961;176.9;93.4567;1126.7;1765.9235;0.87;3.97;5.14
2001-05-01;34.59;1255.819946;177.7;92.8842;1114.7;1773.8828;0.78;3.7;5.39
2001-06-01;36.5;1224.380005;178;92.3317;1126.3;1784.2492;0.79;3.57;5.28
2001-07-01;33.095001;1211.22998;177.5;91.8098;1139.7;1787.2355;0.84;3.59;5.24
2001-08-01;28.525;1133.579956;177.5;91.6849;1144.5;1805.4935;0.83;3.44;4.97
2001-09-01;25.584999;1040.939941;178.3;91.3345;1193.6;1814.3515;0.859999999999999;2.69;4.73
2001-10-01;29.075001;1059.780029;177.7;90.9389;1159.2;1832.5003;0.88;2.2;4.57
2001-11-01;32.105;1139.449951;177.4;90.4853;1169;1863.0953;0.84;1.91;4.65
2001-12-01;33.125;1148.079956;176.7;90.515;1208.5;1891.8268;1.28;1.72;5.09
2002-01-01;31.855;1130.199951;177.1;91.0881;1191.8;1883.4792;1.32;1.68;5.04
2002-02-01;29.17;1106.72998;177.8;91.0698;1178.3;1880.3387;1.38;1.76;4.91
2002-03-01;30.155001;1147.390015;178.8;91.8012;1196.8;1883.5163;1.3;1.83;5.28
2002-04-01;26.129999;1076.920044;179.8;92.1815;1196.9;1895.6902;1.27;1.75;5.21
2002-05-01;25.455;1067.140015;179.8;92.5668;1186;1906.4724;1.34;1.76;5.16
2002-06-01;27.35;989.820007;179.9;93.4503;1194.7;1917.644;1.32;1.73;4.93
2002-07-01;23.99;911.619995;180.1;93.2282;1200.4;1928.371;1.37;1.71;4.65
2002-08-01;24.540001;916.070007;180.7;93.227;1182.3;1946.781;1.21;1.65;4.26
2002-09-01;21.870001;815.280029;181;93.3597;1185.8;1951.6084;1.25;1.66;3.87
2002-10-01;26.735001;885.76001;181.3;93.0804;1196.6;1960.5578;1.41;1.61;3.94
2002-11-01;28.84;936.309998;181.3;93.5589;1205.3;1970.6353;1.31;1.25;4.05
2002-12-01;25.85;879.820007;180.9;93.1088;1245.5;1997.0077;1.24;1.21;4.03
2003-01-01;23.73;855.700012;181.7;93.6494;1225.5;2000.6933;1.18;1.19;4.05
2003-02-01;23.700001;841.150024;183.1;93.9475;1225.5;1992.2759;1.11;1.19;3.9
2003-03-01;24.209999;848.179993;184.2;93.735;1245.1;1989.1227;1.06;1.15;3.81
2003-04-01;25.57;916.919983;183.8;93.0815;1259.6;2004.1979;1.11;1.15;3.96
2003-05-01;24.610001;963.590027;183.5;93.1002;1266.6;2018.08;1.16;1.09;3.57
2003-06-01;25.639999;974.5;183.7;93.2544;1284.7;2021.9304;1.22;0.94;3.33
2003-07-01;26.41;990.309998;183.9;93.6579;1287.9;2028.5536;1.13;0.92;3.98
2003-08-01;26.52;1008.01001;184.6;93.5162;1292.2;2049.0986;1.13;0.97;4.45
2003-09-01;27.799999;995.969971;185.2;94.0695;1286.2;2059.6753;1.07;0.96;4.27
2003-10-01;26.139999;1050.709961;185;94.2091;1288.8;2069.6832;1.03;0.94;4.29
2003-11-01;25.709999;1058.199951;184.5;94.937;1293.9;2072.467;1.01;0.95;4.3
2003-12-01;27.370001;1111.920044;184.3;94.8627;1332.5;2102.932;0.98;0.91;4.27
2004-01-01;27.65;1131.130005;185.2;95.1113;1301.8;2108.3252;0.9;0.9;4.15
2004-02-01;26.530001;1144.939941;186.2;95.6793;1306.7;2094.3725;0.77;0.94;4.08
2004-03-01;24.93;1126.209961;187.4;95.2063;1337.9;2096.472;0.78;0.95;3.83
2004-04-01;26.129999;1107.300049;188;95.6346;1343.2;2101.0033;0.73;0.96;4.35
2004-05-01;26.23;1120.680054;189.1;96.3952;1333.4;2109.8133;0.71;1.04;4.72
2004-06-01;28.559999;1140.839966;189.7;95.6045;1347.7;2114.5394;0.77;1.29;4.73
2004-07-01;28.49;1101.719971;189.4;96.3379;1338.8;2124.4681;0.8;1.36;4.5
2004-08-01;27.299999;1104.23999;189.5;96.4107;1352.6;2144.5127;0.81;1.5;4.28
2004-09-01;27.65;1114.579956;189.9;96.4943;1349.1;2164.8745;0.81;1.68;4.13
2004-10-01;27.969999;1130.199951;190.9;97.4107;1351.4;2181.5729;0.74;1.79;4.1
2004-11-01;26.809999;1173.819946;191;97.6207;1371;2191.7173;0.680000000000001;2.11;4.19
2004-12-01;26.719999;1211.920044;190.3;98.3284;1401.5;2220.1189;0.680000000000001;2.22;4.23
2005-01-01;26.280001;1181.27002;190.7;98.7904;1361.5;2218.5904;0.659999999999999;2.37;4.22
2005-02-01;25.16;1203.599976;191.8;99.455;1355;2210.3064;0.62;2.58;4.17
2005-03-01;24.17;1180.589966;193.3;99.3156;1381.7;2204.9743;0.659999999999999;2.8;4.5
2005-04-01;25.299999;1156.849976;194.6;99.4648;1369.4;2218.3824;0.72;2.84;4.34
2005-05-01;25.799999;1191.5;194.4;99.597;1369.5;2219.4073;0.859999999999999;2.9;4.14
2005-06-01;24.84;1191.329956;194.5;99.9838;1384.3;2232.3891;0.9;3.04;4
2005-07-01;25.610001;1234.180054;195.4;99.6737;1365.4;2243.3824;0.890000000000001;3.29;4.18
2005-08-01;27.379999;1220.329956;196.4;99.9451;1376.9;2269.9876;0.87;3.52;4.26
2005-09-01;25.73;1228.810059;198.8;98.0824;1363.5;2278.3847;0.9;3.49;4.2
2005-10-01;25.700001;1207.01001;199.2;99.3185;1365.4;2282.037;0.95;3.79;4.46
2005-11-01;27.68;1249.47998;197.6;100.3282;1373.6;2294.232;0.97;3.97;4.54
2005-12-01;26.15;1248.290039;196.8;100.9458;1397.2;2320.5549;0.95;3.97;4.47
2006-01-01;28.15;1280.079956;198.3;101.0637;1375.5;2360.4279;0.95;4.34;4.42
2006-02-01;26.870001;1280.660034;198.7;101.0761;1362;2340.9816;0.92;4.54;4.57
2006-03-01;27.209999;1294.869995;199.8;101.2742;1394.7;2337.5852;0.88;4.63;4.72
2006-04-01;24.15;1310.609985;201.5;101.6854;1393.6;2350.66;0.84;4.72;4.99
2006-05-01;22.65;1270.089966;202.5;101.5801;1392.1;2362.5169;0.8;4.84;5.11
2006-06-01;23.299999;1270.199951;202.9;101.9746;1379;2349.6114;0.890000000000001;4.92;5.11
2006-07-01;24.059999;1276.660034;203.5;101.9374;1368.6;2363.1473;0.91;5.08;5.09
2006-08-01;25.700001;1303.819946;203.9;102.3309;1370.6;2398.8277;0.91;5.09;4.88
2006-09-01;27.35;1335.849976;202.9;102.1204;1347.4;2411.4409;0.92;4.93;4.72
2006-10-01;28.709999;1377.939941;201.8;102.0653;1360.3;2406.8593;0.91;5.05;4.73
2006-11-01;29.360001;1400.630005;201.5;101.9538;1368.5;2423.4063;0.87;5.07;4.6
2006-12-01;29.860001;1418.300049;201.8;103.026;1387.7;2456.7157;0.899999999999999;4.97;4.56
2007-01-01;30.860001;1438.23999;202.416;102.4915;1369;2456.9939;0.94;5.11;4.76
2007-02-01;28.17;1406.819946;203.499;103.5443;1347.5;2441.2631;0.890000000000001;5.16;4.72
2007-03-01;27.870001;1420.859985;205.352;103.7537;1378.4;2440.1723;0.97;5.08;4.56
2007-04-01;29.940001;1482.369995;206.686;104.5018;1392.3;2449.7818;0.92;5.01;4.69
2007-05-01;30.690001;1530.619995;207.949;104.5419;1385.6;2467.6496;0.92;4.87;4.75
2007-06-01;29.469999;1503.349976;208.352;104.5669;1370.8;2476.9657;0.91;4.74;5.1
2007-07-01;28.99;1455.27002;208.299;104.5217;1368.6;2498.5618;0.92;4.96;5
2007-08-01;28.73;1473.98999;207.917;104.7387;1372.8;2539.6141;0.86;4.32;4.67
2007-09-01;29.459999;1526.75;208.49;105.1499;1356.3;2555.5525;0.85;3.99;4.52
2007-10-01;36.810001;1549.380005;208.936;104.7167;1369.4;2563.149;0.82;4;4.53
2007-11-01;33.599998;1481.140015;210.177;105.3037;1370.5;2582.568;0.96;3.35;4.15
2007-12-01;35.599998;1468.359985;210.036;105.353;1394.9;2609.4765;1.16;3.07;4.1
2008-01-01;32.599998;1378.550049;211.08;105.073;1375.9;2620.4651;1.21;2.82;3.74
2008-02-01;27.200001;1330.630005;211.693;104.7137;1365.9;2606.9068;1.29;2.17;3.74
2008-03-01;28.379999;1322.699951;213.528;104.4635;1401.1;2602.0076;1.38;1.28;3.51
2008-04-01;28.52;1385.589966;214.823;103.6727;1406.6;2611.8127;1.42;1.31;3.68
2008-05-01;28.32;1400.380005;216.632;103.085;1396.5;2616.4559;1.36;1.76;3.88
2008-06-01;27.51;1280;218.815;102.8361;1407.3;2620.4528;1.39;1.89;4.1
2008-07-01;25.719999;1267.380005;219.964;102.2939;1417.7;2629.3459;1.49;1.66;4.01
2008-08-01;27.290001;1282.829956;219.086;100.7209;1401.3;2646.7961;1.51;1.75;3.89
2008-09-01;26.690001;1166.359985;218.783;96.3567;1441.5;2643.8133;1.66;1.15;3.69
2008-10-01;22.33;968.75;216.573;97.2844;1462.6;2638.9642;2.6;0.69;3.81
2008-11-01;20.219999;896.23999;212.425;96.0552;1513.7;2634.9913;3.09;0.19;3.53
2008-12-01;19.440001;903.25;210.228;93.252;1632.3;2643.789;3.38;0.03;2.42
2009-01-01;17.1;825.880005;211.143;91.0332;1580.7;2648.6914;3.09;0.13;2.52
2009-02-01;16.15;735.090027;212.193;90.4375;1552;2610.0316;2.81;0.3;2.87
2009-03-01;18.370001;797.869995;212.709;89.0085;1594.9;2578.1788;2.92;0.22;2.82
2009-04-01;20.26;872.809998;213.24;88.2959;1627.7;2570.8182;3;0.16;2.93
2009-05-01;20.889999;919.140015;213.856;87.4078;1617.9;2565.7749;2.52;0.18;3.29
2009-06-01;23.77;919.320007;215.693;87.0694;1661.7;2548.8685;1.89;0.18;3.72
2009-07-01;23.52;987.47998;215.351;88.0285;1657.7;2550.7566;1.68;0.18;3.56
2009-08-01;24.65;1020.619995;215.834;89.0244;1651.3;2563.0423;1.32;0.17;3.59
2009-09-01;25.719999;1057.079956;215.969;89.6975;1641;2558.788;1.18;0.12;3.4
2009-10-01;27.73;1036.189941;216.177;89.9906;1664.3;2537.2823;1.14;0.07;3.39
2009-11-01;29.41;1095.630005;216.33;90.3515;1683.1;2533.1247;1.13;0.05;3.4
2009-12-01;30.48;1115.099976;215.949;90.6212;1724.4;2555.0166;1.11;0.05;3.59
2010-01-01;28.18;1073.869995;216.687;91.6849;1674.2;2541.7022;0.99;0.06;3.73
2010-02-01;28.67;1104.48999;216.741;92.0073;1685.2;2502.4203;0.99;0.11;3.69
2010-03-01;29.290001;1169.430054;217.631;92.6104;1729.5;2493.1294;1;0.15;3.73
2010-04-01;30.540001;1186.689941;218.009;92.96;1716;2487.7227;0.96;0.16;3.85
2010-05-01;25.799999;1089.410034;218.178;94.2988;1708.2;2480.8721;1.09;0.16;3.42
2010-06-01;23.01;1030.709961;217.965;94.4319;1732.3;2478.4517;1.35;0.12;3.2
2010-07-01;25.809999;1101.599976;218.011;94.836;1718.4;2479.8822;1.29;0.16;3.01
2010-08-01;23.469999;1049.329956;218.312;95.1423;1739.6;2501.5853;1.17;0.16;2.7
2010-09-01;24.49;1141.199951;218.439;95.35;1741.4;2503.8551;1.13;0.15;2.65
2010-10-01;26.67;1183.26001;218.711;95.0991;1767.4;2505.999;1.04;0.13;2.54
2010-11-01;25.26;1180.550049;218.803;95.1376;1828.7;2511.5008;1.05;0.14;2.76
2010-12-01;27.91;1257.640015;219.179;96.0339;1871.4;2646.8113;1.08;0.14;3.29
2011-01-01;27.73;1286.119995;220.223;95.9363;1855.6;2655.6747;1.05;0.15;3.39
2011-02-01;26.58;1327.219971;221.309;95.5147;1858.7;2636.2482;0.930000000000001;0.13;3.58
2011-03-01;25.389999;1325.829956;223.467;96.4651;1909.4;2628.6009;0.9;0.1;3.41
2011-04-01;25.92;1363.609985;224.906;96.1325;1918;2635.195;0.859999999999999;0.06;3.46
2011-05-01;25.01;1345.199951;225.964;96.3347;1934.2;2643.5294;0.82;0.04;3.17
2011-06-01;26;1320.640015;225.722;96.5889;1954.1;2653.4789;0.76;0.04;3
2011-07-01;27.4;1292.280029;225.922;97.1011;1994.5;2676.9503;0.83;0.04;3
2011-08-01;26.6;1218.890015;226.545;97.6642;2101.9;2691.0208;0.99;0.02;2.3
2011-09-01;24.889999;1131.420044;226.889;97.6132;2099.1;2702.9131;1.18;0.01;1.98
2011-10-01;26.629999;1253.300049;226.421;98.2931;2128.1;2705.2721;1.39;0.02;2.15
2011-11-01;25.58;1246.959961;226.23;98.2325;2164.4;2727.8413;1.27;0.01;2.01
2011-12-01;25.959999;1257.599976;225.672;98.7699;2208.1;2757.0729;1.32;0.01;1.98
2012-01-01;29.530001;1312.410034;226.665;99.3672;2209.2;2767.5828;1.38;0.03;1.97
2012-02-01;31.74;1365.680054;227.663;99.6443;2194.5;2748.1834;1.29;0.09;1.97
2012-03-01;32.259998;1408.469971;229.392;99.1594;2246;2746.1648;1.24;0.08;2.17
2012-04-01;32.02;1397.910034;230.085;99.9173;2268.6;2760.0295;1.23;0.08;2.05
2012-05-01;29.190001;1310.329956;229.815;100.0956;2248.4;2781.7144;1.27;0.09;1.8
2012-06-01;30.59;1362.160034;229.478;100.0478;2271;2795.2744;1.38;0.09;1.62
2012-07-01;29.469999;1379.319946;229.104;100.3144;2314.6;2803.8106;1.47;0.1;1.53
2012-08-01;30.82;1406.579956;230.379;99.9036;2334.6;2843.4646;1.43;0.1;1.68
2012-09-01;29.76;1440.670044;231.407;99.8944;2358;2854.9229;1.35;0.11;1.72
2012-10-01;28.540001;1412.160034;231.317;100.1192;2416.2;2867.0297;1.11;0.1;1.75
2012-11-01;26.620001;1416.180054;230.221;100.61;2415.2;2887.7391;1.01;0.09;1.65
2012-12-01;26.709999;1426.189941;229.601;100.9267;2509.8;2918.2581;0.98;0.07;1.72
2013-01-01;27.450001;1498.109985;230.28;100.8779;2481.3;2932.271;0.930000000000001;0.07;1.91
2013-02-01;27.799999;1514.680054;232.166;101.4265;2455.7;2924.2392;0.95;0.1;1.98
2013-03-01;28.610001;1569.189941;232.773;101.8186;2497.2;2919.2361;0.919999999999999;0.09;1.96
2013-04-01;33.099998;1597.569946;232.531;101.695;2542.3;2930.9847;0.86;0.06;1.76
2013-05-01;34.900002;1630.73999;232.945;101.7517;2518.5;2949.1025;0.84;0.04;1.93
2013-06-01;34.540001;1606.280029;233.504;101.9486;2523.5;2962.2567;0.920000000000001;0.05;2.3
2013-07-01;31.84;1685.72998;233.596;101.446;2543.7;2975.7949;0.98;0.04;2.58
2013-08-01;33.400002;1632.969971;233.877;102.1758;2537.4;3013.7468;0.88;0.04;2.74
2013-09-01;33.279999;1681.550049;234.149;102.6774;2555.7;3033.0343;0.83;0.02;2.81
2013-10-01;35.41;1756.540039;233.546;102.5438;2618.1;3045.6087;0.779999999999999;0.05;2.62
2013-11-01;38.130001;1805.810059;233.069;102.8625;2606.8;3059.2857;0.75;0.07;2.72
2013-12-01;37.41;1848.359985;233.049;103.1747;2715.4;3093.3858;0.76;0.07;2.9
2014-01-01;37.84;1782.589966;233.916;102.7053;2701.5;3108.5802;0.7;0.04;2.86
2014-02-01;38.310001;1859.449951;234.781;103.6016;2706;3097.1702;0.649999999999999;0.05;2.71
2014-03-01;40.990002;1872.339966;236.293;104.5893;2773;3100.0784;0.68;0.05;2.72
2014-04-01;40.400002;1883.949951;237.072;104.7423;2809.6;3126.0468;0.66;0.03;2.71
2014-05-01;40.939999;1923.569946;237.9;105.0571;2782.2;3148.6948;0.6;0.03;2.56
2014-06-01;41.700001;1960.22998;238.343;105.4084;2824.8;3167.4747;0.55;0.04;2.6
2014-07-01;43.16;1930.670044;238.25;105.5609;2841.2;3188.1878;0.57;0.03;2.54
2014-08-01;45.43;2003.369995;237.852;105.4797;2790.2;3226.926;0.61;0.03;2.42
2014-09-01;46.360001;1972.290039;238.031;105.7908;2834.6;3246.1269;0.69;0.02;2.53
2014-10-01;46.950001;2018.050049;237.433;105.8154;2865;3252.9523;0.77;0.02;2.3
2014-11-01;47.810001;2067.560059;236.151;106.663;2861.1;3268.1205;0.87;0.02;2.33
2014-12-01;46.450001;2058.899902;234.812;106.5032;2992;3314.5671;0.95;0.03;2.21
2015-01-01;40.400002;1994.98999;233.707;105.8772;2941.1;3324.2097;0.99;0.03;1.88
2015-02-01;43.849998;2104.5;234.722;105.4193;2979.6;3312.5773;0.9;0.02;1.98
2015-03-01;40.66;2067.889893;236.119;105.0856;3023.9;3319.7104;0.9;0.03;2.04
2015-04-01;48.639999;2085.51001;236.599;104.5604;3035.4;3343.7291;0.96;0.02;1.94
2015-05-01;46.860001;2107.389893;237.805;104.0675;2975.9;3366.1704;0.91;0.02;2.2
2015-06-01;44.150002;2063.110107;238.638;103.6891;3020.7;3394.7956;0.94;0.02;2.36
2015-07-01;46.700001;2103.840088;238.654;104.2443;3038.4;3411.9871;1.05;0.03;2.32
2015-08-01;43.52;1972.180054;238.316;104.1318;3022.3;3448.5738;1.15;0.07;2.17
2015-09-01;44.259998;1920.030029;237.945;103.7281;3016.3;3478.539;1.27;0.02;2.17
2015-10-01;52.639999;2079.360107;237.838;103.3569;3011.9;3490.047;1.39;0.02;2.07
2015-11-01;54.349998;2080.409912;237.336;102.7323;3056.2;3507.4938;1.4;0.13;2.26
2015-12-01;55.48;2043.939941;236.525;102.2696;3141.1;3413.6115;1.49;0.23;2.24
2016-01-01;55.09;1940.23999;236.916;103.0314;3094.3;3425.8763;1.45;0.26;2.09
2016-02-01;50.880001;1932.22998;237.111;102.3429;3097.4;3411.21;1.38;0.31;1.78
2016-03-01;55.23;2059.73999;238.132;101.5415;3181.2;3420.9296;1.31;0.3;1.89
2016-04-01;49.869999;2065.300049;239.261;101.7479;3236.5;3444.5581;1.17;0.23;1.81
2016-05-01;53;2096.949951;240.229;101.6011;3237.3;3469.4721;1.03;0.28;1.81
2016-06-01;51.169998;2098.860107;241.018;101.9476;3250.1;3488.4763;1.03;0.27;1.64
2016-07-01;56.68;2173.600098;240.628;102.1435;3248.5;3504.6528;0.94;0.3;1.5
2016-08-01;57.459999;2170.949951;240.849;102.0654;3323;3551.9121;0.92;0.3;1.56
2016-09-01;57.599998;2168.27002;241.428;101.9304;3300.9;3573.324;0.899999999999999;0.29;1.63
2016-10-01;59.919998;2126.149902;241.729;102.0557;3330.7;3589.4213;0.87;0.33;1.76
2016-11-01;60.259998;2198.810059;241.353;101.8293;3327.3;3613.8087;0.85;0.45;2.14
2016-12-01;62.139999;2238.830078;241.432;102.7877;3383;3644.1997;0.77;0.51;2.49
2017-01-01;64.650002;2278.870117;242.839;102.5393;3380.6;3654.2233;0.74;0.52;2.43
2017-02-01;63.98;2363.639893;243.603;102.1574;3339.4;3641.8291;0.69;0.53;2.42
2017-03-01;65.860001;2362.719971;243.801;102.7236;3460.6;3640.1062;0.67;0.75;2.48
2017-04-01;68.459999;2384.199951;244.524;103.7148;3466.2;3656.7841;0.7;0.81;2.3
2017-05-01;69.839996;2411.800049;244.733;103.7121;3496.7;3679.653;0.7;0.9;2.3
2017-06-01;68.93;2423.409912;244.955;103.771;3501.7;3695.3821;0.69;1;2.19
2017-07-01;72.699997;2470.300049;244.786;103.6206;3532.8;3709.1421;0.69;1.09;2.32
2017-08-01;74.769997;2471.649902;245.519;103.1956;3567.6;3741.9336;0.68;1.03;2.21
2017-09-01;74.489998;2519.360107;246.819;103.176;3526.2;3753.9943;0.67;1.05;2.2
2017-10-01;83.18;2575.26001;246.663;104.7647;3582.4;3771.3021;0.72;1.09;2.36
2017-11-01;84.169998;2584.840088;246.669;105.2943;3580.8;3804.8885;0.7;1.25;2.35
2017-12-01;85.540001;2673.610107;246.524;105.7183;3636.4;3834.5986;0.71;1.34;2.4
2018-01-01;95.010002;2823.810059;247.867;105.3141;3635.4;3843.4212;0.71;1.43;2.58
2018-02-01;93.769997;2713.830078;248.991;105.7465;3557.3;3826.8804;0.69;1.59;2.86
2018-03-01;91.269997;2640.870117;249.554;106.5387;3684.7;3823.9911;0.77;1.73;2.84